index,Eukaryota;TSAR;Stramenopiles;Gyrista;Mediophyceae;Thalassiosirales;Stephanodiscaceae,Eukaryota;TSAR;Stramenopiles;Bigyra;Bicoecea;Pseudodendromonadales;Pseudodendromonadales_X,Eukaryota;TSAR;Alveolata;Ciliophora;Spirotrichea;Hypotrichia;,Eukaryota;Archaeplastida;Chlorophyta;Chlorophyta_X;Chlorophyceae;Chlamydomonadales;Chlamydomonadales_X,Eukaryota;Obazoa;Opisthokonta;Fungi;;;,Eukaryota;Obazoa;Opisthokonta;Fungi;Fungi_X;Fungi_XX;Fungi_XXX,Eukaryota;;;;;;,Eukaryota;TSAR;Stramenopiles;;;;,Eukaryota;Obazoa;Opisthokonta;Fungi;Chytridiomycota;Mesochytriales;Mesochytriaceae,Eukaryota;TSAR;Rhizaria;Cercozoa;Filosa-Sarcomonadea;Pansomonadida;Agitatidae,Eukaryota;TSAR;Rhizaria;Cercozoa;;;,Eukaryota;Cryptista;Cryptophyta;Cryptophyta_X;Cryptophyceae;Cryptomonadales;Cryptomonadales_X,;;;;;;,Eukaryota;TSAR;Alveolata;Ciliophora;Litostomatea;Haptoria_5;Pleurostomatida,Eukaryota;Obazoa;Opisthokonta;Fungi;Chytridiomycota;;,Eukaryota;TSAR;Alveolata;Ciliophora;Colpodea;Colpodea_X;Platyophryida,Eukaryota;Obazoa;Opisthokonta;Fungi;Basidiomycota;Agaricomycotina;Agaricomycetes,Eukaryota;TSAR;Alveolata;Dinoflagellata;Dinophyceae;Dinophyceae_X;Tovelliaceae,Eukaryota;TSAR;Rhizaria;Cercozoa;Novel-clade-10-12;Tremulida;Tremulidae,Eukaryota;Obazoa;Opisthokonta;Choanoflagellata;Choanoflagellatea;Choanoflagellatea_X;Choanoflagellatea_XX_Group_L,Eukaryota;Archaeplastida;;;;;,Eukaryota;TSAR;Stramenopiles;Gyrista;Peronosporomycetes;Peronosporomycetes_X;Peronosporales,Eukaryota;TSAR;Stramenopiles;Gyrista;Hyphochytriomyceta;Hyphochytriales;Hyphochrytriaceae,Eukaryota;TSAR;Alveolata;Ciliophora;Spirotrichea;Choreotrichida-Tintinnina;Tintinnidiidae,Eukaryota;TSAR;Stramenopiles;Gyrista;Chrysophyceae;Ochromonadales;Ochromonadaceae,Eukaryota;TSAR;Stramenopiles;Bigyra;Opalozoa;Opalozoa_X;MAST-12,Eukaryota;TSAR;Alveolata;Chrompodellids;Colpodellidea;Colpodellida;Alphamonaceae,Eukaryota;TSAR;Stramenopiles;Bigyra;Sagenista;Labyrinthulomycetes;Amphifilaceae,Eukaryota;TSAR;Alveolata;Perkinsea;Perkinsida;Perkinsida_X;Perkinsida_XX,Eukaryota;TSAR;;;;;,Eukaryota;Obazoa;Opisthokonta;;;;,Eukaryota;Archaeplastida;Chlorophyta;Chlorophyta_X;Pedinophyceae;Pedinomonadales;Pedinomonadaceae,Eukaryota;TSAR;Stramenopiles;Gyrista;Chrysophyceae;Ochromonadales;Ochromonadales_clade-XII,Eukaryota;TSAR;Rhizaria;Cercozoa;Filosa-Sarcomonadea;Pansomonadida;Pansomonadida_X,Eukaryota;Archaeplastida;Chlorophyta;Chlorophyta_X;Trebouxiophyceae;Chlorellales;Chlorellales_X,Eukaryota;TSAR;Stramenopiles;Gyrista;Bacillariophyceae;Licmophorales;Ulnariaceae,Eukaryota;Archaeplastida;Chlorophyta;Chlorophyta_X;Chlorophyceae;Sphaeropleales;Sphaeropleales_X,Eukaryota;TSAR;Alveolata;Ciliophora;Oligohymenophorea;OLIGO4;OLIGO4_X,Eukaryota;TSAR;Alveolata;Dinoflagellata;Dinophyceae;;,Eukaryota;TSAR;Alveolata;Dinoflagellata;Dinophyceae;Peridiniales;Peridiniopsidaceae,Eukaryota;TSAR;Rhizaria;Rhizaria_X;Rhizaria_XX;Aquavolonida;Aquavolonida_X,Eukaryota;TSAR;Rhizaria;Cercozoa;Novel-clade-10-12;Novel-clade-10;Novel-clade-10_X,Eukaryota;Obazoa;Opisthokonta;Choanoflagellata;Choanoflagellatea;;,Eukaryota;TSAR;Stramenopiles;Gyrista;Bacillariophyceae;;,Eukaryota;TSAR;Stramenopiles;Gyrista;Chrysophyceae;Ochromonadales;,Eukaryota;TSAR;Alveolata;;;;,Eukaryota;TSAR;Stramenopiles;Gyrista;Chrysophyceae;Chromulinales;Chromulinales_X,Eukaryota;TSAR;Rhizaria;Cercozoa;Filosa-Sarcomonadea;Cercomonadida;Cercomonadidae,Eukaryota;TSAR;Alveolata;Ciliophora;Colpodea;Colpodea_X;,Eukaryota;TSAR;Alveolata;Ciliophora;Prostomatea;Prorodontida;Urotrichidae,Eukaryota;TSAR;Stramenopiles;Gyrista;Bacillariophyceae;Naviculales;Stauroneidaceae,Eukaryota;TSAR;Alveolata;Ciliophora;Spirotrichea;Hypotrichia;Spirofilidae,Eukaryota;Obazoa;Opisthokonta;Choanoflagellata;Choanoflagellatea;Craspedida;Monosigidae_Group_O,Eukaryota;Cryptista;Cryptophyta;Cryptophyta_X;Cryptophyceae;Goniomonadales;Goniomonadales_X,Eukaryota;Obazoa;Opisthokonta;Metazoa;Arthropoda;Crustacea;Maxillopoda,Eukaryota;Obazoa;Opisthokonta;Fungi;Chytridiomycota;Cladochytriales;Cladochytriaceae,Eukaryota;Obazoa;Opisthokonta;Fungi;Chytridiomycota;Chytridiales;Chytridiomycetaceae,Eukaryota;TSAR;Stramenopiles;Stramenopiles_X;Stramenopiles_X-Group-3;Stramenopiles_X-Group-3_X;Stramenopiles_X-Group-3_XX,Eukaryota;Obazoa;Opisthokonta;Metazoa;Gastrotricha;Gastrotricha_X;Gastrotricha_XX,Eukaryota;Obazoa;Opisthokonta;Fungi;Chytridiomycota;Zygorhizidiales;Zygorhizidiaceae,Eukaryota;Obazoa;Opisthokonta;Fungi;Chytridiomycota;Polyphagales;Polyphagaceae,Eukaryota;TSAR;Rhizaria;Cercozoa;Novel-clade-10-12;;,Eukaryota;TSAR;Stramenopiles;Gyrista;Chrysophyceae;Paraphysomonadales;Paraphysomonadaceae,Eukaryota;Haptista;Centroplasthelida;Centroplasthelida_X;Pterocystida;Raphidista;Raphidiophryidae,Eukaryota;Obazoa;Opisthokonta;Metazoa;Rotifera;Rotifera_X;Rotifera_XX,Eukaryota;TSAR;Alveolata;Ciliophora;Heterotrichea;Heterotrichea_X;Stentoridae,Eukaryota;Archaeplastida;Chlorophyta;Chlorophyta_X;Mamiellophyceae;Dolichomastigales;Crustomastigaceae,Eukaryota;TSAR;Alveolata;Ciliophora;Litostomatea;Litostomatea_X;Litostomatea_XX,Eukaryota;TSAR;Stramenopiles;Gyrista;Eustigmatophyceae;Eustigmatophyceae_X;Eustigmatophyceae_XX,Eukaryota;TSAR;Rhizaria;Cercozoa;Filosa-Imbricatea;Spongomonadida;Spongomonadidae,Eukaryota;Obazoa;Opisthokonta;Fungi;Chytridiomycota;Rhizophydiales;Rhizophydiaceae,Eukaryota;Obazoa;Opisthokonta;Choanoflagellata;Choanoflagellatea;Craspedida;Monosigidae_Group_A,Eukaryota;TSAR;Stramenopiles;Gyrista;Synchromophyceae;Synchromophyceae_X;Synchromophyceae_XX,Eukaryota;Obazoa;Opisthokonta;Fungi;Rozellomycota;Rozellomycota_X;Rozellomycota_XX,Eukaryota;TSAR;Stramenopiles;Bigyra;Bicoecea;;,Eukaryota;Haptista;Centroplasthelida;Centroplasthelida_X;Pterocystida;Pterista;Pterocystidae,Eukaryota;TSAR;Rhizaria;Cercozoa;Filosa-Sarcomonadea;;,Eukaryota;Haptista;Centroplasthelida;Centroplasthelida_X;Centroplasthelida_XX;Centroplasthelida_XXX;Centroplasthelida_XXXX,Eukaryota;Obazoa;Opisthokonta;Fungi;Ascomycota;Pezizomycotina;Sordariomycetes,Eukaryota;TSAR;Stramenopiles;Bigyra;Bicoecea;Bicoecales;Bicoecaceae,Eukaryota;TSAR;Stramenopiles;Gyrista;Chrysophyceae;;,Eukaryota;Cryptista;Cryptophyta;Cryptophyta_X;Cryptophyceae;Cryptomonadales;Hemiselmidaceae,Eukaryota;Obazoa;Opisthokonta;Fungi;Chytridiomycota;Gromochytriales;Gromochytriaceae,Eukaryota;TSAR;Alveolata;Ciliophora;Oligohymenophorea;Scuticociliatia_2;Scuticociliatia_2_X,Eukaryota;TSAR;Alveolata;Ciliophora;Oligohymenophorea;Peniculia;Peniculia_X,Eukaryota;TSAR;Stramenopiles;Gyrista;Chrysophyceae;Chromulinales;Chromulinaceae,Eukaryota;TSAR;Alveolata;Ciliophora;Phyllopharyngea;Suctoria;Tokophryidae,Eukaryota;TSAR;Stramenopiles;Gyrista;Dictyochophyceae;Dictyochophyceae_X;Pedinellales,Eukaryota;Obazoa;Opisthokonta;Fungi;Blastocladiomycota;Blastocladiomycotina;Blastocladiomycetes,Eukaryota;TSAR;Alveolata;Ciliophora;Spirotrichea;Hypotrichia;Hypotrichia_X,Eukaryota;Archaeplastida;Chlorophyta;Chlorophyta_X;Trebouxiophyceae;Watanabea-Clade;Watanabea-Clade_X,Eukaryota;TSAR;Alveolata;Perkinsea;Perkinsida;Perkinsida_X;,Eukaryota;TSAR;Stramenopiles;Gyrista;Chrysophyceae;Ochromonadales;Ochromonadales_clade-XI,Eukaryota;Obazoa;Opisthokonta;Fungi;Ascomycota;Pezizomycotina;Dothideomycetes,Eukaryota;Obazoa;Opisthokonta;Fungi;Basidiomycota;Ustilaginomycotina;Ustilaginomycetes,Eukaryota;TSAR;Stramenopiles;Gyrista;Bacillariophyceae;Eunotiales;Eunotiaceae,Eukaryota;Obazoa;Opisthokonta;Fungi;Chytridiomycota;Zygophlyctidales;Zygophlyctidaceae,Eukaryota;TSAR;Alveolata;Ciliophora;Oligohymenophorea;Peritrichia_2;Sessilida,Eukaryota;Obazoa;Opisthokonta;Metazoa;;;,Eukaryota;TSAR;Stramenopiles;Gyrista;Bacillariophyceae;Bacillariales;Bacillariaceae,Eukaryota;TSAR;Stramenopiles;Gyrista;Bacillariophyceae;Cymbellales;Cymbellaceae,Eukaryota;TSAR;Stramenopiles;Gyrista;Bacillariophyceae;Naviculales;Naviculales_X,Eukaryota;TSAR;Alveolata;Ciliophora;Colpodea;Colpodea_X;Cyrtolophosidida,Eukaryota;TSAR;Rhizaria;Cercozoa;Filosa-Sarcomonadea;Glissomonadida;Sandonidae,Eukaryota;TSAR;Stramenopiles;Stramenopiles_X;Stramenopiles_XX;Stramenopiles_XXX;Stramenopiles_XXXX,Eukaryota;Archaeplastida;Chlorophyta;Chlorophyta_X;;;,Eukaryota;TSAR;Stramenopiles;Gyrista;Chrysophyceae;Ochromonadales;Ochromonadales_X,Eukaryota;Archaeplastida;Chlorophyta;Chlorophyta_X;Mamiellophyceae;Monomastigales;Monomastigaceae,Eukaryota;TSAR;Rhizaria;Cercozoa;Endomyxa;Vampyrellida;Leptophryidae,Eukaryota;TSAR;Rhizaria;Cercozoa;Filosa-Sarcomonadea;Glissomonadida;,Eukaryota;TSAR;Alveolata;Dinoflagellata;Dinophyceae;Peridiniales;,Eukaryota;TSAR;Rhizaria;Cercozoa;Filosa-Sarcomonadea;Cercomonadida;Paracercomonadidae,Eukaryota;Archaeplastida;Chlorophyta;Chlorophyta_X;Chlorophyceae;Chlorophyceae_X;Chlorophyceae_XX,Eukaryota;Archaeplastida;Chlorophyta;Chlorophyta_X;Chlorophyceae;Sphaeropleales;,Eukaryota;TSAR;Alveolata;Ciliophora;Colpodea;Colpodea_X;Bursariomorphida,Eukaryota;TSAR;Stramenopiles;Gyrista;Peronosporomycetes;Peronosporomycetes_X;Olpidophydiales,Eukaryota;TSAR;Stramenopiles;Gyrista;Xanthophyceae;Xanthophyceae_X;Xanthophyceae_XX,Eukaryota;TSAR;Stramenopiles;Gyrista;Chrysophyceae;Chromulinales;Chrysosphaerellaceae,Eukaryota;TSAR;Stramenopiles;Gyrista;Chrysophyceae;Chromulinales;,Eukaryota;TSAR;Alveolata;Ciliophora;Spirotrichea;Hypotrichia;Urostylidae,Eukaryota;TSAR;Stramenopiles;Gyrista;Chrysophyceae;Chrysophyceae_X;Chrysophyceae_XX,Eukaryota;TSAR;Alveolata;Ciliophora;Spirotrichea;Hypotrichia;Oxytrichidae,Eukaryota;TSAR;Alveolata;Dinoflagellata;Dinophyceae;Suessiales;Suessiaceae,Eukaryota;Obazoa;Opisthokonta;Ichthyosporea;Ichthyophonida;Ichthyosphonida_X;Ichthyophonidae_Freshwater,Eukaryota;Haptista;Centroplasthelida;Centroplasthelida_X;Pterocystida;Raphidista;Choanocystidae,Eukaryota;TSAR;Stramenopiles;Gyrista;;;,Eukaryota;TSAR;Alveolata;Apicomplexa;Gregarinomorphea;Eugregarinorida;Gregarinidae,Eukaryota;TSAR;Stramenopiles;Gyrista;Chrysophyceae;Synurales;Synuraceae,Eukaryota;TSAR;Rhizaria;Cercozoa;Filosa-Sarcomonadea;Glissomonadida;Bodomorphidae,Eukaryota;TSAR;Alveolata;Ciliophora;;;,Eukaryota;TSAR;Stramenopiles;Gyrista;Raphidophyceae;Raphidophyceae_X;Raphidophyceae_XX,Eukaryota;Obazoa;Opisthokonta;Choanoflagellata;Choanoflagellatea;Craspedida;Salpingoecidae_Group_C1,Eukaryota;TSAR;Alveolata;Ciliophora;Oligohymenophorea;Hymenostomatia;Tetrahymenida,Eukaryota;Archaeplastida;Chlorophyta;Chlorophyta_X;Trebouxiophyceae;Trebouxiophyceae_X;Trebouxiophyceae_XX,Eukaryota;TSAR;Stramenopiles;Gyrista;Pirsoniales;Pirsoniales_X;Pirsoniales_XX,Eukaryota;Archaeplastida;Streptophyta;Streptophyta_X;Zygnemophyceae;Zygnemophyceae_X;Zygnemophyceae_XX,Eukaryota;TSAR;Stramenopiles;Gyrista;Mediophyceae;Thalassiosirales;Skeletonemaceae,Eukaryota;Obazoa;Opisthokonta;Fungi;Chytridiomycota;Spizellomycetales;Spizellomycetales_X,Eukaryota;Obazoa;Opisthokonta;Choanoflagellata;Choanoflagellatea;Craspedida;,Eukaryota;Obazoa;Opisthokonta;Choanoflagellata;Choanoflagellatea;Choanoflagellatea_X;Choanoflagellata_XX_Clade-2,Eukaryota;Obazoa;Opisthokonta;Fungi;Aphelidiomycota;Aphelidiales;Aphelidiaceae,Eukaryota;Obazoa;Opisthokonta;Fungi;Zoopagomycota;Entomophthoromycotina;Entomophthoromycotina_X,Eukaryota;TSAR;Stramenopiles;Gyrista;Chrysophyceae;Paraphysomonadales;Paraphysomonadales_X,Eukaryota;Obazoa;Opisthokonta;Fungi;Chytridiomycota;Chytridiales;Chytridiaceae,Eukaryota;TSAR;Alveolata;Ciliophora;Oligohymenophorea;;,Eukaryota;TSAR;Alveolata;Ciliophora;Spirotrichea;Hypotrichia;Halteriidae,Eukaryota;TSAR;Stramenopiles;Gyrista;Chrysophyceae;Ochromonadales;Ochromonadales_clade-X,Eukaryota;TSAR;Stramenopiles;Bigyra;Sagenista;Pseudophyllomitidae;MAST-6,Eukaryota;TSAR;Alveolata;Apicomplexa;Gregarinomorphea;Neogregarinorida;Actinocephalidae,Eukaryota;TSAR;Alveolata;Ciliophora;Phyllopharyngea;Suctoria;Evaginogenida,Eukaryota;Obazoa;Opisthokonta;Fungi;Basidiomycota;Agaricomycotina;Tremellomycetes,Eukaryota;CRuMs;Collodictyonidae;Collodictyonidae_X;Collodictyonidae_XX;Collodictyonidae_XXX;Collodictyonidae_XXXX,Eukaryota;TSAR;Alveolata;Ciliophora;Phyllopharyngea;Cyrtophoria_4;Chilodonellidae,Eukaryota;Archaeplastida;Chlorophyta;Chlorophyta_X;Chlorophyceae;;,Eukaryota:plas;Archaeplastida:plas;Chlorophyta:plas;Chlorophyta_X:plas;Trebouxiophyceae:plas;Watanabea-Clade:plas;Watanabea-Clade_X:plas,Eukaryota;TSAR;Alveolata;Chrompodellids;Colpodellidea;Colpodellida;Colpodellida_CHR1,Eukaryota;TSAR;Alveolata;Ciliophora;CONThreeP;CONThreeP_X;CONThreeP_XX,Eukaryota;TSAR;Rhizaria;Cercozoa;Filosa-Granofilosea;Desmothoracida;Desmothoracida_X,Eukaryota;Archaeplastida;Chlorophyta;Chlorophyta_X;Chlorophyceae;Sphaeropleales;Selenastraceae,Eukaryota;TSAR;Stramenopiles;Gyrista;Coscinodiscophyceae;Aulacoseirales;Aulacoseiraceae,Eukaryota;TSAR;Alveolata;Dinoflagellata;Dinophyceae;Gymnodiniales;Ceratoperidiniaceae,Eukaryota;TSAR;Stramenopiles;Gyrista;Peronosporomycetes;Peronosporomycetes_X;Saprolegniales,Eukaryota;Obazoa;Opisthokonta;Fungi;Chytridiomycota;Rhizophydiales;Rhizophydiales_X,Eukaryota;Obazoa;Opisthokonta;Fungi;Chytridiomycota;Spizellomycetales;,Eukaryota;Obazoa;Opisthokonta;Choanoflagellata;Choanoflagellatea;Choanoflagellatea_X;Choanoflagellatea_XX_Group_P,Eukaryota;TSAR;Alveolata;Ciliophora;Litostomatea;Rhynchostomatia;Dileptidae,Eukaryota;TSAR;Rhizaria;Cercozoa;Filosa-Thecofilosea;Filosa-Thecofilosea_X;Chlamydophryidae,Eukaryota;TSAR;Stramenopiles;Gyrista;Bacillariophyceae;Fragilariales;Fragilariaceae,Eukaryota;TSAR;Alveolata;Ciliophora;Spirotrichea;Choreotrichida;Strobilidiidae,Eukaryota;Archaeplastida;Streptophyta;Streptophyta_X;Embryophyceae;Embryophyceae_X;Embryophyceae_XX,Eukaryota;TSAR;Stramenopiles;Gyrista;Chrysophyceae;Ochromonadales;Ochromonadales_clade-XIII,Eukaryota;TSAR;Stramenopiles;Gyrista;Chrysophyceae;Hydrurales;,Eukaryota;Obazoa;Opisthokonta;Metazoa;Porifera;Porifera_X;Demospongiae,Eukaryota;TSAR;Rhizaria;Cercozoa;Filosa-Sarcomonadea;Glissomonadida;Glissomonadida_Clade-Y,Eukaryota;Amoebozoa;Tubulinea;Tubulinea_X;Elardia;Euamoebida;Amoebidae,Eukaryota;TSAR;Stramenopiles;Gyrista;Chrysophyceae;Paraphysomonadales;Lepidochromonadaceae,Eukaryota;Obazoa;Opisthokonta;Metazoa;Arthropoda;Crustacea;Branchiopoda,Eukaryota;Cryptista;Cryptophyta;Cryptophyta_X;Cryptophyceae;Cryptophyceae_X;Basal_Cryptophyceae-1,Eukaryota;Obazoa;Opisthokonta;Fungi;Ascomycota;Saccharomycotina;Saccharomycetales,Eukaryota;Obazoa;Opisthokonta;Fungi;Chytridiomycota;Spizellomycetales;Spizellomycetaceae,Eukaryota;Cryptista;Cryptophyta;Cryptophyta_X;Cryptophyceae;Pyrenomonadales;Pyrenomonadaceae,Eukaryota;TSAR;Alveolata;Ciliophora;Spirotrichea;Oligotrichida;Strombidiidae,Eukaryota;TSAR;Stramenopiles;Gyrista;Bacillariophyceae;Cymbellales;Gomphonemataceae,Eukaryota;TSAR;Stramenopiles;Gyrista;Phaeothamniophyceae;;,Eukaryota;TSAR;Alveolata;Ciliophora;Colpodea;Colpodea_X;Colpodida,Eukaryota;Obazoa;Opisthokonta;Fungi;Chytridiomycota;Chytridiomycota_X;Chytridiomycota_XX,Eukaryota;TSAR;Alveolata;Ciliophora;Spirotrichea;Euplotia;Aspidiscidae,Eukaryota;TSAR;Alveolata;Dinoflagellata;Dinophyceae;Dinophyceae_X;,Eukaryota;TSAR;Stramenopiles;Gyrista;Chrysophyceae;Hydrurales;Hydrurales_X,Eukaryota;TSAR;Alveolata;Ciliophora;Heterotrichea;Heterotrichea_X;Condylostomatidae,Eukaryota;TSAR;Rhizaria;Cercozoa;Cercozoa_X;Cercozoa_XX;Cercozoa_XXX,Eukaryota;TSAR;Alveolata;Colponemidia;Colponemidia_X;Colponemida;Colponemidae,Eukaryota;TSAR;Alveolata;Ciliophora;Nassophorea;Nassophorea_X;Nassulida,Eukaryota;TSAR;Stramenopiles;Gyrista;Peronosporomycetes;Peronosporomycetes_X;Peronosporomycetes_XX,Eukaryota;Amoebozoa;Tubulinea;Tubulinea_X;Elardia;Euamoebida;Vermamoebidae,Eukaryota;Haptista;Centroplasthelida;Centroplasthelida_X;Pterocystida;Pterista;Heterophryidae,Eukaryota;Archaeplastida;Streptophyta;Streptophyta_X;Klebsormidiophyceae;Klebsormidiophyceae_X;Klebsormidiophyceae_XX,Eukaryota;Archaeplastida;Chlorophyta;Chlorophyta_X;Chlorophyceae;Sphaeropleales;Scenedesmaceae,Eukaryota;Obazoa;Opisthokonta;Fungi;Opisthosporidia;Microsporida;Microsporida_X,Eukaryota;TSAR;Rhizaria;Cercozoa;Filosa-Imbricatea;Euglyphida;Euglyphidae,Eukaryota;TSAR;Alveolata;Dinoflagellata;Dinophyceae;Peridiniales;Kryptoperidiniaceae,Eukaryota;Archaeplastida;Chlorophyta;Chlorophyta_X;Nephroselmidophyceae;Nephroselmidales;Nephroselmidales_X,Eukaryota;TSAR;Alveolata;Ciliophora;Litostomatea;Haptoria_4;Didiniidae,Eukaryota;Obazoa;Opisthokonta;Metazoa;Arthropoda;Hexapoda;Insecta,Eukaryota;TSAR;Stramenopiles;Bigyra;Sagenista;Labyrinthulomycetes;Thraustochytriaceae,Eukaryota;TSAR;Stramenopiles;Gyrista;Peronosporomycetes;Peronosporomycetes_X;,Eukaryota;Amoebozoa;Discosea;Discosea_X;Flabellinia;Vannellida;Vannellidae,Eukaryota:nucl;Cryptista:nucl;Cryptophyta:nucl;Cryptophyta_X:nucl;Cryptophyceae:nucl;Cryptomonadales:nucl;Cryptomonadales_X:nucl,Eukaryota;Obazoa;Opisthokonta;Fungi;Chytridiomycota;Polychytriales;Polychytriales_X,Eukaryota;Obazoa;Opisthokonta;Metazoa;Craniata;Craniata_X;Craniata_XX,Eukaryota;TSAR;Rhizaria;Cercozoa;Endomyxa;Vampyrellida;sm27-lineage,Eukaryota;Obazoa;Opisthokonta;Fungi;Chytridiomycota;Lobulomycetales;Lobulomycetaceae,Eukaryota;Excavata;Discoba;Discoba_X;Discoba_XX;Jakobida;Andaluciidae,Eukaryota;TSAR;Stramenopiles;Gyrista;Bacillariophyceae;Achnanthales;Achnanthidiaceae,Eukaryota;TSAR;Alveolata;Alveolata_X;Alveolata_XX;Alveolata_XXX;Alveolata_XXXX,Eukaryota;Obazoa;Opisthokonta;Fungi;Chytridiomycota;Rhizophydiales;,Eukaryota;TSAR;Alveolata;Ciliophora;Oligohymenophorea;Peniculia;Frontoniidae_2,Eukaryota;Haptista;Centroplasthelida;Centroplasthelida_X;Pterocystida;;,Eukaryota;TSAR;Alveolata;Chrompodellids;Colpodellidea;Colpodellida;Colpodellaceae,Eukaryota;Amoebozoa;Tubulinea;Tubulinea_X;Elardia;Euamoebida;Hartmannellidae,Eukaryota;TSAR;Stramenopiles;Gyrista;Chrysophyceae;Chrysophyceae_env_clade-I;Chrysophyceae_env_clade-I_X,Eukaryota;TSAR;Rhizaria;Cercozoa;Filosa-Sarcomonadea;Glissomonadida;Allapsidae,Eukaryota;TSAR;Rhizaria;Cercozoa;Filosa-Granofilosea;Limnofilida;Limnofilidae,Eukaryota;TSAR;Stramenopiles;Gyrista;Mediophyceae;Thalassiosirales;Thalassiosiraceae,Eukaryota;Obazoa;Opisthokonta;Choanoflagellata;Choanoflagellatea;Craspedida;Salpingoecidae_Group_C2,Eukaryota;TSAR;Rhizaria;Cercozoa;Endomyxa;Vampyrellida;Penardia-lineage,Eukaryota;Obazoa;Opisthokonta;Choanoflagellata;Choanoflagellatea;Choanoflagellatea_X;,Eukaryota;TSAR;Alveolata;Ciliophora;Phyllopharyngea;Cyrtophoria_8;Dysteriidae,Eukaryota;TSAR;Alveolata;Ciliophora;Prostomatea_1;Prostomatea_1_X;Colepidae,Eukaryota;Obazoa;Opisthokonta;Metazoa;Mollusca;Bivalvia;Palaeoheterodonta,Eukaryota;Archaeplastida;Glaucophyta;Glaucophyta_X;Glaucocystophyceae;Glaucocystophytes;Cyanophoraceae,Eukaryota;Amoebozoa;Evosea;Evosea_X;Variosea;Variosea_X;Variosea_XX,Eukaryota;TSAR;Alveolata;Ciliophora;Phyllopharyngea;Suctoria;PHYLL_3,Eukaryota;Obazoa;Opisthokonta;Metazoa;Craniata;Craniata_X;Teleostei,Eukaryota;Cryptista;Cryptophyta;Cryptophyta_X;Cryptophyceae;Cryptophyceae_X;Cryptophyceae_XX,Eukaryota;Obazoa;Opisthokonta;Ichthyosporea;Ichthyophonida;Pseudoperkinsidae;Pseudoperkinsidae_X,Eukaryota;TSAR;Rhizaria;Cercozoa;Filosa-Imbricatea;Thaumatomonadida;Thaumatomonadidae,Eukaryota;TSAR;Stramenopiles;Gyrista;Mediophyceae;Thalassiosirales;,Eukaryota;Archaeplastida;Rhodelphidia;Rhodelphidia_X;Rhodelphea;Rhodelphida;Rhodelphidae,Eukaryota;TSAR;Alveolata;Perkinsea;Perkinsea_X;Perkinsea_XX;Perkinsea_XXX,Eukaryota;TSAR;Stramenopiles;Gyrista;Chrysophyceae;Paraphysomonadales;Paraphysomonadales_Clade-EC1Gb,Eukaryota;Obazoa;Opisthokonta;Filasterea;Filasterea_X;Filasterea_XX;Filasterea_XXX,Eukaryota;Obazoa;Opisthokonta;Fungi;Basidiomycota;Ustilaginomycotina;Exobasidiomycetes,Eukaryota;TSAR;Rhizaria;Cercozoa;Filosa-Granofilosea;Filosa-Granofilosea_X;Novel-Gran-6,Eukaryota;Amoebozoa;Tubulinea;Tubulinea_X;Echinamoebida;Echinamoebida_X;Echinamoebidae,Eukaryota;TSAR;Alveolata;Ciliophora;Oligohymenophorea;Peniculia;Parameciidae,Eukaryota;Obazoa;Opisthokonta;Metazoa;Bryozoa;Bryozoa_X;Bryozoa_XX,Eukaryota;TSAR;Alveolata;Ciliophora;Spirotrichea;Oligotrichida;Pelagostrombidiidae,Eukaryota;TSAR;Alveolata;Chrompodellids;Colpodellidea;Colpodellida;Chromeraceae,Eukaryota;TSAR;Alveolata;Ciliophora;Oligohymenophorea;Peniculia;Peniculida,Eukaryota;Obazoa;Opisthokonta;Fungi;Chytridiomycota;Chytridiales;,Eukaryota;Obazoa;Opisthokonta;Ichthyosporea;Dermocystida;Rhynosporidae;Rhynosporidae_X,Eukaryota;TSAR;Alveolata;Ciliophora;Litostomatea;Haptoria_6;Lacrymariidae,Eukaryota;TSAR;Stramenopiles;Gyrista;Mediophyceae;;,Eukaryota;TSAR;Rhizaria;Cercozoa;Filosa-Granofilosea;;,Eukaryota;TSAR;Stramenopiles;Gyrista;Bacillariophyceae;Surirellales;,Eukaryota;Obazoa;Opisthokonta;Fungi;Chytridiomycota;Chytridiales;Chytridiales_X,Eukaryota;Amoebozoa;;;;;,Eukaryota;TSAR;Alveolata;Ciliophora;Phyllopharyngea;Rhynchodia;Hypocomidae,Eukaryota;Obazoa;Opisthokonta;Fungi;Ascomycota;Pezizomycotina;Arthoniomycetes,Eukaryota;TSAR;Rhizaria;;;;,Eukaryota;Archaeplastida;Chlorophyta;Chlorophyta_X;Mamiellophyceae;Dolichomastigales;,Eukaryota;TSAR;Alveolata;Dinoflagellata;Dinophyceae;Dinophyceae_X;Dinophyceae_XX,Eukaryota;Obazoa;Opisthokonta;Pluriformea;Pluriformea_X;Pluriformea_XX;Pluriformea_XXX,Eukaryota;TSAR;Stramenopiles;Gyrista;Chrysophyceae;Hydrurales;Hydrurales_Clade-III,Eukaryota;TSAR;Rhizaria;Cercozoa;Novel-clade-10-12;Novel-clade-12;NC12B-lineage,location,site
Baao_Agri_EUK,0.0,897.0,1066.0,5338.0,65.0,0.0,1133.0,14.0,53.0,63.0,441.0,2470.0,92.0,0.0,183.0,21.0,20.0,0.0,14.0,77.0,21.0,95.0,19.0,175.0,250.0,458.0,540.0,0.0,1924.0,182.0,39.0,9704.0,0.0,694.0,3483.0,0.0,479.0,0.0,402.0,0.0,3.0,897.0,0.0,0.0,271.0,1733.0,223.0,64.0,0.0,579.0,0.0,0.0,230.0,0.0,784.0,0.0,0.0,0.0,14.0,0.0,38.0,6.0,213.0,159.0,458.0,0.0,7.0,327.0,241.0,3.0,0.0,86.0,138.0,79.0,0.0,9.0,104.0,40.0,0.0,40.0,1311.0,0.0,0.0,5.0,0.0,29.0,0.0,224.0,8.0,753.0,0.0,70.0,55.0,0.0,0.0,16.0,12.0,0.0,5.0,199.0,0.0,0.0,4.0,7.0,0.0,146.0,1737.0,905.0,0.0,41.0,0.0,0.0,0.0,10.0,5.0,0.0,154.0,226.0,609.0,160.0,0.0,1502.0,6.0,0.0,0.0,35.0,0.0,119.0,0.0,274.0,0.0,905.0,16.0,171.0,71.0,0.0,0.0,0.0,7.0,0.0,7.0,20.0,0.0,0.0,0.0,1536.0,19.0,0.0,19.0,0.0,0.0,98.0,0.0,81.0,6.0,272.0,684.0,0.0,58.0,0.0,19.0,0.0,63.0,0.0,14.0,0.0,0.0,0.0,4.0,0.0,32.0,645.0,0.0,57.0,0.0,29.0,0.0,0.0,0.0,96.0,0.0,193.0,10.0,3.0,0.0,0.0,0.0,42.0,8051.0,0.0,0.0,8.0,0.0,17.0,0.0,86.0,0.0,0.0,0.0,19.0,0.0,0.0,73.0,8.0,0.0,28.0,0.0,37.0,0.0,0.0,0.0,0.0,0.0,0.0,0.0,0.0,0.0,35.0,0.0,0.0,25.0,15.0,0.0,0.0,0.0,0.0,60.0,0.0,13.0,0.0,0.0,0.0,0.0,2.0,0.0,0.0,0.0,0.0,0.0,62.0,0.0,0.0,0.0,0.0,0.0,40.0,0.0,0.0,157.0,21.0,7.0,0.0,0.0,0.0,0.0,0.0,0.0,4.0,0.0,0.0,0.0,0.0,8.0,9.0,4.0,0.0,Baao,Agri
Baao_Center_EUK,0.0,283.0,51.0,14204.0,18.0,0.0,668.0,0.0,20.0,37.0,310.0,209.0,31.0,0.0,92.0,2.0,13.0,0.0,7.0,11.0,0.0,10.0,12.0,180.0,537.0,105.0,658.0,0.0,1106.0,59.0,68.0,10612.0,0.0,176.0,4040.0,0.0,592.0,0.0,2788.0,8.0,0.0,230.0,0.0,0.0,1226.0,603.0,122.0,6.0,0.0,182.0,0.0,0.0,42.0,0.0,0.0,0.0,0.0,0.0,0.0,0.0,0.0,0.0,104.0,35.0,26.0,0.0,19.0,166.0,133.0,0.0,0.0,34.0,102.0,206.0,0.0,0.0,220.0,9.0,0.0,19.0,2628.0,5.0,14.0,0.0,0.0,0.0,0.0,135.0,0.0,884.0,0.0,48.0,84.0,0.0,0.0,0.0,0.0,0.0,0.0,57.0,0.0,0.0,0.0,0.0,0.0,0.0,3387.0,187.0,0.0,13.0,0.0,0.0,0.0,106.0,4.0,0.0,16.0,176.0,458.0,123.0,0.0,557.0,0.0,0.0,0.0,16.0,0.0,10.0,0.0,100.0,0.0,595.0,0.0,110.0,74.0,0.0,0.0,0.0,0.0,0.0,10.0,5.0,0.0,0.0,0.0,359.0,145.0,0.0,0.0,0.0,0.0,16.0,0.0,75.0,0.0,11.0,270.0,0.0,79.0,0.0,51.0,0.0,5.0,0.0,0.0,0.0,0.0,0.0,12.0,0.0,0.0,259.0,0.0,25.0,0.0,30.0,0.0,0.0,0.0,0.0,13.0,21.0,0.0,0.0,0.0,0.0,0.0,141.0,3563.0,0.0,0.0,9.0,0.0,8.0,0.0,33.0,0.0,11.0,3.0,25.0,0.0,0.0,443.0,0.0,0.0,0.0,0.0,0.0,0.0,0.0,0.0,0.0,0.0,0.0,0.0,0.0,0.0,15.0,0.0,0.0,25.0,0.0,0.0,0.0,0.0,0.0,13.0,0.0,0.0,11.0,0.0,0.0,0.0,0.0,0.0,0.0,0.0,0.0,0.0,3.0,0.0,0.0,0.0,0.0,0.0,0.0,0.0,0.0,31.0,0.0,0.0,0.0,0.0,0.0,0.0,0.0,0.0,0.0,0.0,0.0,0.0,0.0,0.0,0.0,0.0,0.0,Baao,Center
Baao_Tribu_EUK,23.0,1572.0,1201.0,7557.0,129.0,0.0,1261.0,5.0,131.0,47.0,575.0,364.0,202.0,26.0,61.0,0.0,0.0,4.0,29.0,67.0,7.0,46.0,7.0,11.0,658.0,157.0,1963.0,0.0,1336.0,112.0,3.0,26225.0,0.0,723.0,1274.0,9.0,434.0,5.0,1798.0,0.0,4.0,632.0,13.0,0.0,1456.0,442.0,846.0,23.0,0.0,174.0,0.0,0.0,304.0,0.0,7.0,23.0,0.0,0.0,45.0,0.0,16.0,0.0,296.0,101.0,24.0,0.0,12.0,216.0,201.0,7.0,0.0,22.0,176.0,147.0,6.0,0.0,240.0,22.0,11.0,4.0,1022.0,0.0,0.0,8.0,0.0,23.0,0.0,278.0,7.0,285.0,5.0,49.0,0.0,0.0,6.0,0.0,0.0,26.0,6.0,347.0,0.0,0.0,9.0,0.0,0.0,23.0,1749.0,202.0,0.0,22.0,0.0,5.0,0.0,0.0,0.0,0.0,14.0,173.0,307.0,0.0,0.0,1518.0,67.0,0.0,0.0,54.0,0.0,15.0,13.0,0.0,0.0,406.0,7.0,42.0,0.0,0.0,0.0,0.0,0.0,5.0,3.0,0.0,0.0,28.0,0.0,838.0,254.0,0.0,13.0,0.0,0.0,31.0,0.0,22.0,9.0,0.0,94.0,0.0,55.0,8.0,168.0,9.0,0.0,0.0,20.0,9.0,0.0,0.0,0.0,0.0,0.0,262.0,0.0,23.0,0.0,41.0,0.0,0.0,0.0,40.0,7.0,469.0,6.0,0.0,7.0,0.0,4.0,174.0,3019.0,0.0,0.0,4.0,7.0,9.0,0.0,50.0,0.0,0.0,0.0,0.0,0.0,0.0,94.0,0.0,0.0,0.0,0.0,2.0,8.0,0.0,0.0,0.0,0.0,0.0,0.0,15.0,26.0,16.0,5.0,0.0,846.0,6.0,0.0,41.0,0.0,3.0,54.0,0.0,14.0,20.0,6.0,0.0,0.0,19.0,0.0,3.0,0.0,0.0,0.0,8.0,16.0,0.0,0.0,0.0,0.0,3.0,0.0,0.0,37.0,0.0,0.0,0.0,4.0,0.0,0.0,0.0,0.0,0.0,3.0,0.0,0.0,0.0,9.0,9.0,0.0,0.0,Baao,Tribu
Bato_Center_EUK,5860.0,855.0,59.0,6793.0,159.0,181.0,1640.0,11.0,108.0,28.0,171.0,1911.0,237.0,0.0,575.0,0.0,18.0,7.0,10.0,0.0,6.0,202.0,19.0,33.0,40.0,142.0,295.0,0.0,243.0,129.0,92.0,331.0,0.0,2.0,1360.0,0.0,1071.0,0.0,124.0,19774.0,0.0,598.0,12.0,0.0,0.0,362.0,46.0,12.0,0.0,169.0,16.0,1462.0,13.0,0.0,2420.0,0.0,81.0,26.0,0.0,0.0,0.0,39.0,41.0,8.0,3276.0,0.0,0.0,508.0,329.0,0.0,15.0,0.0,16.0,7.0,0.0,0.0,11.0,0.0,0.0,12.0,1034.0,0.0,324.0,67.0,151.0,12.0,0.0,82.0,0.0,90.0,419.0,0.0,5.0,0.0,11.0,0.0,934.0,100.0,0.0,943.0,0.0,0.0,0.0,0.0,9.0,3.0,26.0,432.0,16.0,6.0,0.0,4.0,38.0,17.0,60.0,0.0,0.0,15.0,0.0,0.0,23.0,567.0,4.0,7.0,0.0,0.0,0.0,62.0,0.0,0.0,0.0,8.0,0.0,0.0,36.0,0.0,236.0,25.0,0.0,0.0,1424.0,0.0,15.0,64.0,0.0,3346.0,150.0,6.0,0.0,0.0,20.0,23.0,0.0,36.0,0.0,153.0,13.0,0.0,187.0,562.0,0.0,0.0,180.0,0.0,0.0,603.0,0.0,0.0,86.0,16.0,47.0,0.0,0.0,73.0,0.0,76.0,0.0,225.0,0.0,20.0,13.0,0.0,7.0,0.0,0.0,145.0,0.0,0.0,0.0,1239.0,7.0,9.0,0.0,0.0,0.0,0.0,264.0,0.0,30.0,0.0,0.0,1389.0,27.0,0.0,48.0,0.0,0.0,84.0,0.0,0.0,0.0,50.0,10.0,0.0,14.0,0.0,0.0,9.0,0.0,0.0,142.0,39.0,0.0,462.0,0.0,0.0,0.0,0.0,0.0,0.0,0.0,0.0,0.0,248.0,32.0,0.0,0.0,0.0,5.0,0.0,12.0,0.0,0.0,8.0,0.0,0.0,0.0,0.0,5.0,0.0,0.0,0.0,0.0,0.0,0.0,0.0,37.0,0.0,0.0,0.0,4.0,0.0,0.0,0.0,0.0,0.0,Bato,Center
Bato_Resid_EUK,302.0,235.0,35.0,21567.0,182.0,58.0,521.0,7.0,408.0,56.0,252.0,5060.0,25.0,255.0,369.0,0.0,7.0,17.0,0.0,7.0,0.0,150.0,33.0,636.0,447.0,133.0,1385.0,0.0,205.0,7.0,14.0,7059.0,0.0,7.0,1469.0,7.0,1415.0,7.0,265.0,2251.0,6.0,341.0,0.0,0.0,309.0,757.0,424.0,12.0,0.0,441.0,0.0,778.0,0.0,16.0,6.0,0.0,0.0,0.0,98.0,0.0,39.0,15.0,59.0,0.0,4505.0,8.0,12.0,1152.0,304.0,4.0,0.0,0.0,10.0,102.0,0.0,0.0,22.0,11.0,0.0,13.0,890.0,3.0,6.0,10.0,856.0,0.0,3.0,70.0,41.0,411.0,80.0,5.0,24.0,0.0,0.0,0.0,425.0,202.0,141.0,67.0,0.0,0.0,104.0,6.0,6.0,0.0,637.0,458.0,27.0,15.0,0.0,10.0,23.0,10.0,319.0,0.0,0.0,157.0,289.0,0.0,0.0,979.0,20.0,157.0,0.0,14.0,14.0,1846.0,0.0,127.0,13.0,0.0,0.0,132.0,114.0,0.0,31.0,20.0,0.0,0.0,12.0,2.0,0.0,37.0,66.0,953.0,90.0,5.0,0.0,0.0,0.0,32.0,0.0,0.0,0.0,866.0,24.0,0.0,302.0,850.0,0.0,0.0,78.0,0.0,0.0,2264.0,0.0,0.0,179.0,0.0,100.0,0.0,0.0,37.0,0.0,59.0,0.0,80.0,0.0,21.0,15.0,206.0,0.0,0.0,0.0,53.0,0.0,18.0,419.0,462.0,0.0,40.0,0.0,0.0,0.0,0.0,0.0,0.0,0.0,0.0,0.0,2081.0,1356.0,0.0,33.0,0.0,0.0,54.0,0.0,0.0,0.0,11.0,0.0,0.0,7.0,0.0,248.0,0.0,5.0,0.0,37.0,0.0,0.0,52.0,0.0,0.0,7.0,0.0,24.0,0.0,5.0,0.0,0.0,4.0,45.0,0.0,0.0,0.0,4.0,0.0,19.0,0.0,0.0,0.0,0.0,0.0,0.0,0.0,271.0,0.0,0.0,6.0,0.0,0.0,0.0,4.0,0.0,0.0,0.0,0.0,0.0,20.0,0.0,0.0,0.0,0.0,Bato,Resid
Bato_Tilap_EUK,4195.0,912.0,497.0,4740.0,160.0,155.0,2204.0,3.0,210.0,97.0,179.0,1321.0,481.0,13.0,418.0,0.0,16.0,118.0,39.0,0.0,0.0,265.0,6.0,487.0,70.0,307.0,368.0,0.0,953.0,68.0,119.0,966.0,48.0,12.0,1516.0,0.0,1469.0,6.0,127.0,15107.0,0.0,906.0,17.0,6.0,87.0,489.0,660.0,147.0,0.0,212.0,0.0,356.0,15.0,7.0,627.0,6.0,90.0,29.0,2.0,0.0,0.0,54.0,136.0,11.0,1524.0,7.0,16.0,220.0,456.0,3.0,17.0,6.0,87.0,48.0,0.0,0.0,0.0,0.0,2.0,44.0,2524.0,0.0,273.0,137.0,62.0,14.0,21.0,321.0,77.0,218.0,296.0,5.0,28.0,0.0,0.0,0.0,823.0,107.0,9.0,571.0,0.0,0.0,27.0,25.0,33.0,0.0,1338.0,264.0,137.0,21.0,0.0,19.0,15.0,18.0,168.0,0.0,0.0,145.0,158.0,0.0,0.0,242.0,0.0,0.0,9.0,42.0,0.0,1185.0,6.0,0.0,13.0,63.0,0.0,49.0,116.0,0.0,245.0,68.0,22.0,0.0,1401.0,21.0,0.0,47.0,5.0,2076.0,254.0,0.0,0.0,0.0,34.0,142.0,0.0,0.0,7.0,148.0,18.0,8.0,175.0,1022.0,0.0,0.0,162.0,0.0,10.0,1055.0,0.0,0.0,1324.0,18.0,169.0,0.0,0.0,62.0,0.0,52.0,0.0,338.0,2.0,52.0,14.0,0.0,0.0,0.0,0.0,198.0,4.0,0.0,17.0,148.0,4.0,33.0,0.0,0.0,0.0,22.0,176.0,0.0,9.0,0.0,58.0,427.0,305.0,0.0,49.0,0.0,0.0,75.0,0.0,0.0,0.0,48.0,0.0,0.0,62.0,0.0,7.0,0.0,0.0,0.0,584.0,0.0,0.0,462.0,0.0,0.0,0.0,0.0,0.0,0.0,0.0,6.0,5.0,29.0,24.0,0.0,0.0,0.0,4.0,0.0,21.0,0.0,11.0,0.0,0.0,0.0,22.0,134.0,37.0,0.0,0.0,0.0,0.0,13.0,0.0,0.0,78.0,0.0,0.0,0.0,5.0,0.0,42.0,0.0,0.0,0.0,Bato,Tilap
Bato_Tribu_EUK,7660.0,1482.0,179.0,11783.0,147.0,252.0,2712.0,0.0,1029.0,55.0,108.0,1672.0,459.0,0.0,861.0,0.0,35.0,18.0,31.0,9.0,24.0,147.0,19.0,0.0,262.0,186.0,323.0,0.0,255.0,27.0,359.0,63.0,37.0,46.0,2008.0,0.0,2125.0,0.0,54.0,7652.0,0.0,541.0,41.0,0.0,184.0,503.0,30.0,81.0,0.0,125.0,7.0,157.0,116.0,0.0,147.0,0.0,272.0,25.0,4.0,0.0,0.0,28.0,48.0,12.0,622.0,6.0,0.0,110.0,270.0,0.0,0.0,28.0,23.0,30.0,0.0,0.0,6.0,0.0,0.0,31.0,1242.0,0.0,596.0,68.0,0.0,0.0,0.0,34.0,0.0,191.0,358.0,0.0,0.0,0.0,0.0,0.0,620.0,279.0,0.0,1793.0,0.0,0.0,46.0,0.0,345.0,0.0,538.0,292.0,293.0,43.0,0.0,12.0,25.0,42.0,0.0,0.0,0.0,0.0,0.0,0.0,17.0,179.0,0.0,0.0,0.0,42.0,0.0,32.0,0.0,0.0,0.0,106.0,0.0,0.0,28.0,0.0,91.0,125.0,29.0,10.0,2886.0,132.0,0.0,151.0,0.0,2203.0,493.0,0.0,0.0,0.0,0.0,279.0,13.0,0.0,0.0,389.0,5.0,7.0,159.0,3346.0,19.0,0.0,124.0,0.0,4.0,0.0,0.0,0.0,1311.0,5.0,995.0,0.0,0.0,338.0,0.0,11.0,0.0,34.0,0.0,135.0,0.0,0.0,16.0,0.0,0.0,482.0,0.0,0.0,0.0,100.0,0.0,97.0,0.0,11.0,0.0,42.0,152.0,0.0,0.0,0.0,0.0,782.0,0.0,0.0,23.0,0.0,0.0,74.0,0.0,8.0,15.0,157.0,0.0,0.0,0.0,0.0,0.0,0.0,0.0,0.0,600.0,0.0,0.0,582.0,0.0,8.0,12.0,0.0,25.0,0.0,0.0,0.0,0.0,0.0,0.0,0.0,9.0,7.0,0.0,0.0,0.0,0.0,9.0,11.0,0.0,0.0,0.0,0.0,0.0,0.0,0.0,0.0,0.0,20.0,0.0,0.0,0.0,0.0,0.0,7.0,0.0,0.0,25.0,0.0,0.0,11.0,Bato,Tribu
Buhi_Center_EUK,2612.0,881.0,595.0,2009.0,613.0,1038.0,1088.0,0.0,0.0,108.0,213.0,109.0,229.0,4.0,744.0,0.0,9.0,0.0,27.0,0.0,0.0,561.0,7.0,0.0,595.0,492.0,372.0,0.0,1782.0,48.0,178.0,33.0,934.0,14.0,473.0,123.0,7169.0,0.0,224.0,1798.0,9.0,1986.0,34.0,0.0,0.0,419.0,287.0,49.0,33.0,199.0,0.0,0.0,95.0,75.0,5.0,0.0,143.0,155.0,0.0,41.0,0.0,0.0,336.0,85.0,127.0,24.0,30.0,216.0,4047.0,0.0,132.0,0.0,19.0,95.0,18.0,0.0,95.0,0.0,0.0,238.0,175.0,0.0,0.0,21.0,0.0,12.0,9.0,102.0,9.0,0.0,0.0,0.0,313.0,0.0,17.0,0.0,94.0,1669.0,3.0,17.0,0.0,12.0,397.0,11.0,0.0,0.0,4839.0,305.0,531.0,36.0,1.0,474.0,24.0,0.0,7.0,39.0,0.0,244.0,807.0,34.0,442.0,0.0,326.0,0.0,9.0,75.0,0.0,173.0,223.0,114.0,0.0,389.0,21.0,342.0,0.0,611.0,0.0,514.0,21.0,0.0,2336.0,375.0,21.0,171.0,0.0,1399.0,122.0,379.0,6.0,0.0,0.0,236.0,50.0,0.0,0.0,327.0,0.0,34.0,2369.0,161.0,0.0,20.0,1092.0,23.0,0.0,39.0,16.0,1910.0,294.0,0.0,418.0,0.0,161.0,10.0,0.0,238.0,5.0,179.0,0.0,214.0,0.0,3.0,20.0,0.0,0.0,6.0,0.0,0.0,0.0,0.0,19.0,0.0,0.0,0.0,5.0,0.0,0.0,156.0,6.0,0.0,0.0,0.0,0.0,0.0,39.0,0.0,0.0,0.0,0.0,0.0,124.0,2.0,3.0,20.0,0.0,0.0,0.0,0.0,0.0,3.0,968.0,0.0,162.0,0.0,85.0,0.0,0.0,0.0,5.0,0.0,0.0,0.0,0.0,40.0,17.0,0.0,0.0,0.0,108.0,0.0,0.0,9.0,0.0,71.0,4.0,0.0,0.0,0.0,0.0,0.0,0.0,0.0,0.0,0.0,2.0,0.0,0.0,0.0,0.0,0.0,17.0,57.0,0.0,0.0,0.0,0.0,Buhi,Center
Buhi_Resid_EUK,2363.0,859.0,1290.0,1933.0,413.0,508.0,1417.0,51.0,0.0,124.0,208.0,1053.0,271.0,0.0,431.0,0.0,24.0,297.0,61.0,0.0,0.0,1010.0,0.0,0.0,324.0,492.0,1963.0,2.0,893.0,13.0,123.0,31.0,1316.0,27.0,351.0,161.0,4757.0,0.0,107.0,2683.0,8.0,1298.0,52.0,0.0,0.0,321.0,286.0,17.0,0.0,169.0,0.0,0.0,47.0,132.0,181.0,0.0,162.0,49.0,0.0,15.0,0.0,0.0,397.0,69.0,392.0,0.0,29.0,401.0,2640.0,0.0,70.0,0.0,14.0,22.0,10.0,0.0,44.0,0.0,9.0,244.0,183.0,0.0,0.0,81.0,0.0,8.0,0.0,149.0,4.0,95.0,0.0,9.0,316.0,0.0,0.0,0.0,72.0,1008.0,0.0,10.0,0.0,8.0,492.0,43.0,0.0,33.0,4019.0,307.0,357.0,17.0,5.0,431.0,51.0,0.0,0.0,17.0,0.0,271.0,711.0,0.0,396.0,73.0,408.0,0.0,8.0,55.0,0.0,350.0,207.0,22.0,0.0,309.0,0.0,189.0,15.0,567.0,0.0,428.0,28.0,0.0,2733.0,361.0,0.0,460.0,0.0,1829.0,27.0,296.0,52.0,0.0,0.0,238.0,25.0,0.0,0.0,2267.0,0.0,34.0,1039.0,183.0,0.0,21.0,843.0,10.0,0.0,12.0,0.0,3379.0,2161.0,3.0,149.0,0.0,0.0,16.0,0.0,154.0,0.0,255.0,0.0,76.0,0.0,0.0,6.0,0.0,0.0,0.0,0.0,0.0,0.0,0.0,21.0,0.0,3.0,0.0,0.0,9.0,0.0,77.0,13.0,0.0,0.0,0.0,0.0,0.0,38.0,0.0,0.0,2.0,0.0,0.0,31.0,8.0,0.0,110.0,0.0,0.0,0.0,0.0,0.0,0.0,502.0,0.0,137.0,0.0,69.0,4.0,0.0,5.0,0.0,0.0,0.0,0.0,20.0,157.0,7.0,0.0,0.0,0.0,99.0,0.0,0.0,11.0,0.0,47.0,0.0,0.0,0.0,34.0,0.0,0.0,0.0,0.0,0.0,0.0,0.0,0.0,0.0,0.0,0.0,0.0,42.0,55.0,0.0,0.0,0.0,0.0,Buhi,Resid
Buhi_Tilap_EUK,1010.0,865.0,151.0,2109.0,383.0,824.0,1349.0,0.0,0.0,66.0,199.0,43.0,323.0,0.0,585.0,0.0,75.0,54.0,23.0,0.0,0.0,463.0,0.0,0.0,1057.0,762.0,179.0,0.0,655.0,22.0,183.0,0.0,624.0,0.0,450.0,127.0,7413.0,0.0,221.0,5701.0,0.0,1376.0,13.0,0.0,0.0,335.0,89.0,37.0,54.0,282.0,0.0,0.0,50.0,46.0,2998.0,0.0,84.0,91.0,0.0,28.0,0.0,0.0,185.0,48.0,115.0,39.0,30.0,197.0,3661.0,0.0,128.0,6.0,56.0,31.0,25.0,0.0,41.0,0.0,0.0,154.0,535.0,0.0,0.0,30.0,0.0,5.0,0.0,73.0,4.0,19.0,0.0,0.0,289.0,3.0,0.0,0.0,63.0,404.0,0.0,0.0,6.0,14.0,290.0,50.0,0.0,19.0,2097.0,314.0,436.0,19.0,9.0,458.0,38.0,0.0,0.0,36.0,0.0,166.0,265.0,30.0,482.0,70.0,232.0,0.0,0.0,26.0,5.0,120.0,343.0,6.0,0.0,302.0,20.0,302.0,5.0,412.0,0.0,444.0,25.0,0.0,1782.0,251.0,10.0,111.0,0.0,717.0,53.0,111.0,3.0,0.0,0.0,100.0,9.0,0.0,0.0,362.0,0.0,24.0,1928.0,161.0,0.0,25.0,903.0,36.0,0.0,15.0,0.0,1894.0,51.0,0.0,362.0,0.0,33.0,17.0,5.0,71.0,0.0,104.0,0.0,237.0,0.0,0.0,11.0,0.0,0.0,0.0,0.0,0.0,0.0,0.0,9.0,3.0,0.0,0.0,0.0,7.0,0.0,146.0,28.0,0.0,0.0,0.0,0.0,0.0,49.0,0.0,8.0,0.0,0.0,0.0,59.0,5.0,0.0,36.0,0.0,0.0,0.0,0.0,0.0,3.0,593.0,0.0,102.0,0.0,44.0,0.0,0.0,0.0,0.0,0.0,0.0,0.0,0.0,220.0,0.0,0.0,0.0,0.0,57.0,0.0,0.0,0.0,0.0,67.0,0.0,0.0,0.0,0.0,0.0,0.0,0.0,0.0,0.0,0.0,0.0,0.0,0.0,0.0,0.0,0.0,0.0,45.0,0.0,0.0,0.0,0.0,Buhi,Tipal
Buhi_Tribu_EUK,1748.0,574.0,1781.0,1509.0,477.0,551.0,934.0,0.0,25.0,55.0,107.0,1163.0,215.0,0.0,531.0,0.0,0.0,213.0,11.0,0.0,0.0,389.0,0.0,0.0,184.0,350.0,914.0,0.0,906.0,32.0,103.0,0.0,552.0,5.0,325.0,88.0,3389.0,0.0,277.0,305.0,0.0,554.0,15.0,0.0,0.0,327.0,224.0,36.0,2.0,212.0,0.0,0.0,90.0,52.0,6630.0,0.0,183.0,79.0,0.0,28.0,0.0,0.0,324.0,83.0,160.0,276.0,20.0,231.0,2059.0,0.0,101.0,0.0,20.0,33.0,2.0,0.0,18.0,0.0,0.0,191.0,0.0,0.0,0.0,84.0,0.0,3.0,0.0,135.0,0.0,69.0,0.0,0.0,283.0,0.0,0.0,0.0,96.0,540.0,0.0,10.0,0.0,11.0,603.0,0.0,0.0,19.0,2127.0,163.0,474.0,23.0,0.0,372.0,10.0,0.0,0.0,17.0,0.0,169.0,559.0,0.0,108.0,0.0,627.0,0.0,6.0,37.0,0.0,339.0,54.0,0.0,0.0,226.0,3.0,209.0,12.0,320.0,0.0,401.0,41.0,0.0,2082.0,548.0,34.0,237.0,0.0,1203.0,20.0,401.0,13.0,15.0,0.0,146.0,19.0,0.0,0.0,6755.0,0.0,34.0,863.0,153.0,0.0,0.0,891.0,26.0,7.0,164.0,0.0,2075.0,1216.0,3.0,127.0,0.0,0.0,9.0,0.0,80.0,0.0,365.0,0.0,269.0,0.0,6.0,0.0,0.0,0.0,14.0,0.0,0.0,0.0,0.0,16.0,0.0,7.0,0.0,0.0,10.0,0.0,58.0,12.0,0.0,0.0,0.0,0.0,0.0,37.0,0.0,0.0,12.0,0.0,0.0,76.0,12.0,0.0,30.0,0.0,0.0,0.0,0.0,0.0,0.0,343.0,0.0,111.0,0.0,53.0,0.0,0.0,0.0,0.0,0.0,0.0,0.0,0.0,0.0,0.0,0.0,0.0,0.0,115.0,0.0,16.0,14.0,0.0,76.0,0.0,0.0,0.0,0.0,0.0,0.0,0.0,0.0,0.0,0.0,0.0,0.0,0.0,0.0,0.0,0.0,0.0,52.0,0.0,0.0,0.0,0.0,Buhi,Tribu
